season,contests,date_match,home_team,away_team,at_anfield,Goals,Assists,Formation,Shots,Shots On Target,Saves,Penalties won,Penalties scored,Crosses,Fouls,Offsides,Corners,Yellow Card,Red Cards,Balls touched,Passes,liverpool_score,Interceptions,Blocks,Catches,Tackles,Possession,Elo_Liverpool,Elo_Opponent,Elo_Diff,Rest_Days,liverpool_score_ft,liverpool_score_ht,opponent_score_ft,opponent_score_ht,liverpool_result_ft,liverpool_result_ht,matchday,points_won,home_0_away_1
2012 - 2013,English Premier League,2012-08-18,West Bromwich Albion FC,Liverpool,False,0,0,4-3-3,16,2,4,0,0,17,12,4,3,4,1,635,378,D,22,13,3,13,62%,1742.60021973,1675,67.60021972999994,6,0,0,3,1,D,D,1,0,1
2012 - 2013,English Premier League,2012-08-26,Liverpool,Manchester City,True,2,1,4-3-3,14,4,1,0,0,21,10,0,4,1,0,511,268,N,38,7,1,3,44%,1729.25158691,1918,-188.74841309,3,2,1,2,0,N,V,2,1,0
2012 - 2013,English Premier League,2012-09-02,Liverpool,Arsenal FC,True,0,0,4-3-3,17,5,3,0,0,21,12,3,10,2,0,732,439,D,25,5,0,21,56%,1733.52380371,1818,-84.47619628999995,3,0,0,2,1,D,D,3,0,0
2012 - 2013,English Premier League,2012-09-15,AFC Sunderland,Liverpool,False,1,0,4-2-3-1,23,6,0,0,0,38,11,1,7,2,0,858,525,N,70,4,0,11,65%,1722.60900879,1676,46.60900878999996,13,1,0,1,1,N,D,4,1,1
2012 - 2013,English Premier League,2012-09-23,Liverpool,Manchester United,True,1,0,4-3-3,12,5,1,0,0,23,14,0,7,1,1,541,299,D,14,1,1,11,54%,1732.29528809,1914,-181.70471191,3,1,0,2,0,D,N,5,0,0
2012 - 2013,English Premier League,2012-09-29,Norwich City,Liverpool,False,5,2,4-4-1-1,15,5,2,0,0,15,6,5,5,0,0,830,587,V,30,2,0,2,67%,1727.04785156,1615,112.04785156000004,3,5,2,2,0,V,V,6,3,1
2012 - 2013,English Premier League,2012-10-07,Liverpool,Stoke City FC,True,0,0,4-3-3,17,3,2,0,0,25,9,0,5,0,0,598,468,N,37,12,0,2,67%,1727.60327148,1675,52.6032714800001,3,0,0,0,0,N,N,7,1,0
2012 - 2013,English Premier League,2012-10-20,Liverpool,Reading FC,True,1,1,4-3-3,26,8,3,0,0,17,13,3,6,1,0,566,308,V,34,2,1,13,60%,1724.62756348,1617,107.62756347999995,13,1,1,0,0,V,V,8,3,0
2012 - 2013,English Premier League,2012-10-28,Everton FC,Liverpool,False,2,1,4-4-2,12,3,1,0,0,12,18,3,5,3,0,399,144,N,18,5,0,13,43%,1725.39208984,1781,-55.607910160000074,3,2,2,2,2,N,N,9,1,1
2012 - 2013,English Premier League,2012-11-04,Liverpool,Newcastle United FC,True,1,1,4-2-3-1,21,6,2,0,0,33,12,0,14,0,0,786,414,N,73,5,1,10,66%,1728.54016113,1749,-20.459838870000116,4,1,0,1,1,N,D,10,1,0
2012 - 2013,English Premier League,2012-11-11,Chelsea,Liverpool,False,1,1,3-5-2,9,2,2,0,0,8,13,7,7,3,0,557,318,N,33,3,0,0,50%,1721.96008301,1868,-146.03991698999994,3,1,0,1,1,N,D,11,1,1
2012 - 2013,English Premier League,2012-11-17,Liverpool,Wigan Athletic,True,3,2,3-4-3,23,7,2,0,0,23,9,1,10,0,0,657,343,V,73,1,1,7,51%,1727.2890625,1648,79.2890625,6,3,0,0,0,V,N,12,3,0
2012 - 2013,English Premier League,2012-11-25,Swansea City,Liverpool,False,0,0,4-2-3-1,21,10,2,0,0,23,10,3,6,0,0,756,416,N,121,6,1,6,55%,1719.41076659999,1647,72.41076659998998,3,0,0,0,0,N,N,13,1,1
2012 - 2013,English Premier League,2012-11-28,Tottenham Hotspur,Liverpool,False,1,0,4-3-3,15,5,4,0,0,29,18,1,12,2,0,842,472,D,92,2,3,17,61%,1718.91088867,1752,-33.08911132999992,3,1,0,2,2,D,D,14,0,1
2012 - 2013,English Premier League,2012-12-01,Liverpool,FC Southampton,True,1,1,4-3-3,24,8,2,0,0,62,15,3,10,2,0,863,470,V,135,5,1,11,58%,1713.06506348,1557,156.06506347999994,3,1,1,0,0,V,V,15,3,0
2012 - 2013,English Premier League,2012-12-09,West Ham United,Liverpool,False,3,3,4-3-3,14,5,4,0,0,24,12,1,5,2,0,766,396,V,54,7,3,6,58%,1718.91943359,1653,65.91943358999994,3,3,1,2,2,V,D,16,3,1
2012 - 2013,English Premier League,2012-12-15,Liverpool,Aston Villa,True,1,1,4-3-3,28,11,3,0,0,53,5,3,7,1,0,828,467,D,68,0,1,10,73%,1726.65087891,1619,107.65087891000007,6,1,0,3,2,D,D,17,0,0
2012 - 2013,English Premier League,2012-12-22,Liverpool,Fulham FC,True,4,4,4-2-3-1,20,8,3,0,0,19,13,3,8,1,0,668,436,V,25,4,1,2,58%,1709.44140625,1667,42.44140625,7,4,2,0,0,V,V,18,3,0
2012 - 2013,English Premier League,2012-12-26,Stoke City FC,Liverpool,False,1,0,4-2-3-1,15,4,3,1,1,25,6,3,8,1,0,611,334,D,29,5,0,0,59%,1720.85742188,1679,41.857421879999954,4,1,1,3,2,D,D,19,0,1
2012 - 2013,English Premier League,2012-12-30,Queens Park Rangers,Liverpool,False,3,2,4-2-3-1,18,8,6,0,0,50,9,1,9,1,0,766,490,V,21,3,5,13,61%,1709.71435547,1542,167.7143554700001,4,3,3,0,0,V,V,20,3,1
2012 - 2013,English Premier League,2013-01-02,Liverpool,AFC Sunderland,True,3,3,4-3-3,27,12,2,0,0,23,9,7,9,0,0,752,491,V,20,10,0,13,60%,1718.72534179999,1648,70.72534179999002,3,3,2,0,0,V,V,21,3,0
2012 - 2013,English Premier League,2013-01-13,Manchester United,Liverpool,False,1,0,4-1-4-1,12,3,4,0,0,18,15,1,1,4,0,661,409,D,13,8,1,15,55%,1727.54980469,1904,-176.45019531000003,7,1,0,2,1,D,D,22,0,1
2012 - 2013,English Premier League,2013-01-19,Liverpool,Norwich City,True,5,3,4-3-3,18,10,2,0,0,28,10,2,9,1,0,785,582,V,7,2,1,2,64%,1724.49072266,1622,102.49072266000007,6,5,2,0,0,V,V,23,3,0
2012 - 2013,English Premier League,2013-01-30,Arsenal FC,Liverpool,False,2,1,4-3-3,11,6,5,0,0,14,11,3,6,1,0,561,286,N,39,8,1,4,39%,1734.50634766,1789,-54.49365233999993,3,2,1,2,0,N,V,24,1,1
2012 - 2013,English Premier League,2013-02-03,Manchester City,Liverpool,False,2,1,4-2-3-1,18,6,1,0,0,20,8,2,10,4,0,607,347,N,20,3,0,3,53%,1737.39440918,1878,-140.6055908200001,4,2,1,2,1,N,N,25,1,1
2012 - 2013,English Premier League,2013-02-11,Liverpool,West Bromwich Albion FC,True,0,0,4-2-3-1,25,7,1,1,0,32,10,5,13,1,0,819,427,D,130,1,0,5,58%,1742.52172852,1652,90.52172851999991,8,0,0,2,0,D,N,26,0,0
2012 - 2013,English Premier League,2013-02-17,Liverpool,Swansea City,True,5,3,4-2-3-1,33,18,3,2,2,11,6,1,10,0,0,641,390,V,49,5,0,0,55%,1717.7947998,1680,37.794799799999964,3,5,1,0,0,V,V,27,3,0
2012 - 2013,English Premier League,2013-03-02,Wigan Athletic,Liverpool,False,4,3,4-2-3-1,8,7,10,0,0,3,15,4,3,2,0,543,304,V,46,4,1,2,41%,1738.38793945,1622,116.38793944999998,9,4,3,0,0,V,V,28,3,1
2012 - 2013,English Premier League,2013-03-10,Liverpool,Tottenham Hotspur,True,3,1,4-2-3-1,11,5,6,1,1,9,9,6,1,1,0,442,215,V,29,6,1,1,41%,1749.65100098,1820,-70.34899902000006,8,3,1,2,1,V,N,29,3,0
2012 - 2013,English Premier League,2013-03-16,FC Southampton,Liverpool,False,1,0,4-2-3-1,8,6,8,0,0,9,10,6,5,1,0,683,348,D,78,6,3,0,55%,1763.78649902,1599,164.78649902000006,6,1,1,3,2,D,D,30,0,1
2012 - 2013,English Premier League,2013-03-31,Aston Villa,Liverpool,False,2,1,4-2-3-1,17,13,3,1,1,7,9,6,8,1,0,737,438,V,88,1,2,0,55%,1748.75964355,1618,130.75964354999996,15,2,0,1,1,V,D,31,3,1
2012 - 2013,English Premier League,2013-04-07,Liverpool,West Ham United,True,0,0,4-3-3,19,12,4,0,0,6,8,4,12,0,0,630,388,N,4,0,0,1,55%,1754.06286621,1632,122.06286621000004,7,0,0,0,0,N,N,32,1,0
2012 - 2013,English Premier League,2013-04-13,Reading FC,Liverpool,False,0,0,4-3-3,26,15,5,0,0,0,9,6,9,1,0,847,395,N,154,4,1,10,67%,1749.46081543,1558,191.4608154299999,6,0,0,0,0,N,N,33,1,1
2012 - 2013,English Premier League,2013-04-21,Liverpool,Chelsea,True,2,2,4-2-3-1,23,12,5,0,0,12,9,1,8,5,0,541,328,N,6,3,1,1,55%,1745.87280273,1841,-95.12719726999991,8,2,0,2,1,N,D,34,1,0
2012 - 2013,English Premier League,2013-04-27,Newcastle United FC,Liverpool,False,6,5,4-2-3-1,11,10,1,0,0,0,7,5,7,2,0,719,402,V,95,3,0,0,48%,1748.60168457,1671,77.60168457000009,6,6,2,0,0,V,V,35,3,1
2012 - 2013,English Premier League,2013-05-05,Liverpool,Everton FC,True,0,0,4-2-3-1,16,8,4,0,0,19,10,3,3,1,0,598,255,N,47,13,1,4,44%,1767.93225098,1782,-14.067749020000065,8,0,0,0,0,N,N,36,1,0
2012 - 2013,English Premier League,2013-05-12,Fulham FC,Liverpool,False,3,3,3-5-2,19,13,4,0,0,11,10,2,8,1,0,762,475,V,69,4,2,12,53%,1766.53271484,1646,120.53271483999993,7,3,1,1,1,V,N,37,3,1
2012 - 2013,English Premier League,2013-05-19,Liverpool,Queens Park Rangers,True,1,1,4-4-2,27,20,0,0,0,0,7,2,14,1,0,798,514,V,39,5,0,5,69%,1778.16760254,1554,224.16760254,7,1,1,0,0,V,V,38,3,0
2013 - 2014,English Premier League,2013-08-17,Liverpool,Stoke City FC,True,1,1,4-3-3,26,12,7,0,0,9,11,2,12,1,0,651,389,V,18,6,1,2,53%,1783.17736816,1643,140.17736816,7,1,1,0,0,V,V,1,3,0
2013 - 2014,English Premier League,2013-08-24,Aston Villa,Liverpool,False,1,1,4-2-3-1,5,1,3,0,0,7,8,2,2,3,0,595,340,V,54,3,1,3,52%,1792.51159668,1676,116.51159667999993,7,1,1,0,0,V,V,2,3,1
2013 - 2014,English Premier League,2013-09-01,Liverpool,Manchester United,True,1,1,4-4-2,9,5,4,0,0,5,15,1,2,2,0,514,206,V,32,13,3,13,40%,1799.17834473,1919,-119.82165527000005,5,1,1,0,0,V,V,3,3,0
2013 - 2014,English Premier League,2013-09-16,Swansea City,Liverpool,False,2,0,4-2-3-1,12,5,7,0,0,11,10,2,7,3,0,668,339,N,83,5,4,9,53%,1808.89794922,1682,126.8979492200001,15,2,2,2,1,N,V,4,1,1
2013 - 2014,English Premier League,2013-09-21,Liverpool,FC Southampton,True,0,0,4-2-3-1,10,5,6,0,0,15,6,3,6,0,0,637,316,D,70,1,2,3,49%,1816.47729492,1644,172.47729492000008,5,0,0,1,0,D,N,5,0,0
2013 - 2014,English Premier League,2013-09-29,AFC Sunderland,Liverpool,False,3,3,3-4-3,15,6,4,0,0,24,10,1,8,1,0,630,345,V,16,16,0,13,54%,1802.70678711,1619,183.70678711000005,4,3,2,1,0,V,V,6,3,1
2013 - 2014,English Premier League,2013-10-05,Liverpool,Crystal Palace FC,True,3,1,3-4-1-2,13,7,1,1,1,30,11,5,10,2,0,917,574,V,94,8,0,12,61%,1814.97290039,1525,289.97290038999995,6,3,3,1,0,V,V,7,3,0
2013 - 2014,English Premier League,2013-10-19,Newcastle United FC,Liverpool,False,2,1,3-4-1-2,23,7,2,1,1,14,10,2,13,3,0,819,508,N,76,6,0,13,60%,1817.27978516,1683,134.27978516000007,14,2,1,2,1,N,N,8,1,1
2013 - 2014,English Premier League,2013-10-26,Liverpool,West Bromwich Albion FC,True,4,3,4-4-2,18,7,2,0,0,13,14,1,3,0,0,683,361,V,38,10,1,11,57%,1817.47644043,1700,117.47644042999993,7,4,2,1,0,V,V,9,3,0
2013 - 2014,English Premier League,2013-11-02,Arsenal FC,Liverpool,False,0,0,3-4-1-2,12,4,5,0,0,25,7,4,5,1,0,708,338,D,70,13,2,6,45%,1824.29650879,1891,-66.70349121000004,7,0,0,2,1,D,D,10,0,1
2013 - 2014,English Premier League,2013-11-09,Liverpool,Fulham FC,True,4,3,4-2-3-1,32,10,1,0,0,20,13,4,9,0,0,961,675,V,62,8,1,5,63%,1821.69433594,1668,153.69433593999997,7,4,3,0,0,V,V,11,3,0
2013 - 2014,English Premier League,2013-11-23,Everton FC,Liverpool,False,3,1,4-2-3-1,11,5,9,0,0,11,15,4,7,3,0,490,218,N,64,1,1,0,46%,1828.15441895,1821,7.154418950000036,14,3,2,3,1,N,V,12,1,1
2013 - 2014,English Premier League,2013-12-01,Hull City,Liverpool,False,1,0,4-3-3,9,4,2,0,0,1,16,0,6,0,0,586,369,D,7,2,1,0,57%,1827.79821777,1554,273.79821777000006,8,1,1,3,1,D,N,13,0,1
2013 - 2014,English Premier League,2013-12-04,Liverpool,Norwich City,True,5,3,4-2-3-1,28,12,4,0,0,16,10,2,4,3,0,818,503,V,65,4,3,4,64%,1809.20410156,1659,150.20410156000003,3,5,3,1,0,V,V,14,3,0
2013 - 2014,English Premier League,2013-12-07,Liverpool,West Ham United,True,4,3,4-2-3-1,32,9,1,0,0,22,9,2,8,0,0,854,485,V,86,18,0,1,64%,1815.63427734,1668,147.6342773399999,3,4,1,1,0,V,V,15,3,0
2013 - 2014,English Premier League,2013-12-15,Tottenham Hotspur,Liverpool,False,5,4,4-2-3-1,20,10,0,0,0,15,15,4,9,0,0,606,377,V,11,16,0,7,52%,1817.47326659999,1839,-21.526733400010013,8,5,2,0,0,V,V,16,3,1
2013 - 2014,English Premier League,2013-12-21,Liverpool,Cardiff City,True,3,3,4-2-3-1,27,7,2,0,0,19,11,2,9,2,0,784,494,V,74,7,1,1,63%,1840.26171875,1606,234.26171875,6,3,3,1,0,V,V,17,3,0
2013 - 2014,English Premier League,2013-12-26,Manchester City,Liverpool,False,1,1,4-3-3,12,5,4,0,0,20,9,3,6,3,0,639,371,D,31,13,3,7,46%,1843.27062988,1937,-93.72937012000013,5,1,1,2,2,D,D,18,0,1
2013 - 2014,English Premier League,2013-12-29,Chelsea,Liverpool,False,1,0,4-3-3,8,4,3,0,0,12,17,1,2,1,0,622,290,D,85,1,0,2,54%,1838.90478516,1903,-64.09521483999994,3,1,1,2,2,D,D,19,0,1
2013 - 2014,English Premier League,2014-01-01,Liverpool,Hull City,True,2,1,4-2-3-1,17,6,0,0,0,10,15,1,3,1,0,789,370,V,84,8,0,4,60%,1833.89685059,1596,237.89685059,3,2,1,0,0,V,V,20,3,0
2013 - 2014,English Premier League,2014-01-12,Stoke City FC,Liverpool,False,5,1,4-2-3-1,13,9,1,1,1,14,8,0,2,1,0,549,285,V,20,7,0,4,54%,1836.92443848,1661,175.92443847999994,7,5,2,3,2,V,N,21,3,1
2013 - 2014,English Premier League,2014-01-18,Liverpool,Aston Villa,True,2,1,4-4-2,14,6,1,1,1,12,14,3,2,1,0,716,363,N,85,5,0,14,60%,1844.06652832,1661,183.0665283200001,6,2,1,2,2,N,D,22,1,0
2013 - 2014,English Premier League,2014-01-28,Liverpool,Everton FC,True,4,3,4-4-2,20,9,4,1,0,5,11,1,5,0,0,654,279,V,103,29,1,9,47%,1838.14233398,1834,4.142333980000103,3,4,3,0,0,V,V,23,3,0
2013 - 2014,English Premier League,2014-02-02,West Bromwich Albion FC,Liverpool,False,1,1,4-2-3-1,12,3,3,0,0,11,15,2,4,2,0,794,365,N,126,18,1,4,60%,1851.01940918,1667,184.0194091799999,5,1,1,1,0,N,V,24,1,1
2013 - 2014,English Premier League,2014-02-08,Liverpool,Arsenal FC,True,5,4,4-2-3-1,22,12,5,0,0,16,14,4,6,1,0,514,243,V,79,2,4,1,42%,1847.75195312,1901,-53.248046879999954,6,5,4,1,0,V,V,25,3,0
2013 - 2014,English Premier League,2014-02-12,Fulham FC,Liverpool,False,3,2,4-3-3,21,7,2,1,1,31,9,0,5,3,0,930,573,V,98,2,1,1,66%,1862.87463379,1600,262.87463379,4,3,1,2,1,V,N,26,3,1
2013 - 2014,English Premier League,2014-02-23,Liverpool,Swansea City,True,4,3,4-2-3-1,21,10,2,0,0,12,9,2,3,1,0,642,410,V,22,5,0,12,61%,1859.81054688,1673,186.81054687999998,7,4,3,3,2,V,V,27,3,0
2013 - 2014,English Premier League,2014-03-01,FC Southampton,Liverpool,False,3,1,4-2-3-1,12,5,2,1,1,10,6,1,6,2,0,678,318,V,94,6,1,9,50%,1858.43078613,1694,164.43078612999992,6,3,1,0,0,V,V,28,3,1
2013 - 2014,English Premier League,2014-03-16,Manchester United,Liverpool,False,3,1,4-3-3,17,7,1,3,2,14,12,1,4,4,0,539,247,V,9,2,0,2,51%,1862.94372559,1868,-5.056274410000015,15,3,1,0,0,V,V,29,3,1
2013 - 2014,English Premier League,2014-03-22,Cardiff City,Liverpool,False,6,6,4-4-2,19,9,0,0,0,17,11,1,6,3,0,642,433,V,53,0,0,1,63%,1887.50073242,1555,332.50073242000013,6,6,2,3,2,V,N,30,3,1
2013 - 2014,English Premier League,2014-03-26,Liverpool,AFC Sunderland,True,2,1,4-4-2,21,7,3,0,0,14,5,2,3,0,0,682,322,V,21,8,2,1,56%,1891.61303711,1622,269.61303711000005,4,2,1,1,0,V,V,31,3,0
2013 - 2014,English Premier League,2014-03-30,Liverpool,Tottenham Hotspur,True,4,1,4-2-3-1,11,5,4,0,0,25,9,2,5,0,0,669,425,V,51,4,2,3,56%,1893.29431152,1807,86.29431152000005,4,4,2,0,0,V,V,32,3,0
2013 - 2014,English Premier League,2014-04-06,West Ham United,Liverpool,False,2,0,4-2-3-1,17,8,0,2,2,11,9,0,4,0,0,684,446,V,21,8,0,5,59%,1899.0135498,1674,225.0135498,7,2,1,1,1,V,N,33,3,1
2013 - 2014,English Premier League,2014-04-13,Liverpool,Manchester City,True,3,2,4-2-3-1,10,4,4,0,0,11,7,5,7,1,1,630,336,V,63,17,1,12,44%,1906.79272461,1954,-47.20727538999995,7,3,2,2,0,V,V,34,3,0
2013 - 2014,English Premier League,2014-04-20,Norwich City,Liverpool,False,3,2,4-3-3,14,6,3,0,0,7,10,1,3,2,0,835,483,V,81,9,1,14,70%,1914.29016113,1608,306.2901611299999,7,3,2,2,0,V,V,35,3,1
2013 - 2014,English Premier League,2014-04-27,Liverpool,Chelsea,True,0,0,4-2-3-1,26,8,2,0,0,30,9,1,14,0,0,919,540,D,99,5,0,12,72%,1917.3046875,1928,-10.6953125,7,0,0,2,1,D,D,36,0,0
2013 - 2014,English Premier League,2014-05-05,Crystal Palace FC,Liverpool,False,3,3,4-1-3-2,26,9,3,0,0,24,12,3,7,3,0,875,556,N,81,4,1,12,61%,1900.50878906,1618,282.50878906,8,3,1,3,0,N,V,37,1,1
2013 - 2014,English Premier League,2014-05-11,Liverpool,Newcastle United FC,True,2,2,4-4-2,13,5,2,0,0,19,8,3,6,1,0,885,596,V,104,4,1,7,64%,1894.61633301,1650,244.61633301000006,6,2,0,1,1,V,D,38,3,0
2014 - 2015,English Premier League,2014-08-17,Liverpool,FC Southampton,True,2,2,4-3-3,12,5,5,0,0,12,8,2,2,1,0,770,452,V,51,4,3,5,58%,1897.86303711,1717,180.86303711000005,7,2,1,1,0,V,V,1,3,0
2014 - 2015,English Premier League,2014-08-25,Manchester City,Liverpool,False,1,0,4-3-3,11,3,1,0,0,16,7,1,7,1,0,709,446,D,92,2,1,6,46%,1897.79125977,1954,-56.2087402300001,8,1,0,3,1,D,D,2,0,1
2014 - 2015,English Premier League,2014-08-31,Tottenham Hotspur,Liverpool,False,3,1,4-4-2,17,8,1,1,1,8,11,1,3,4,0,516,243,V,56,1,0,6,39%,1890.76953125,1807,83.76953125,6,3,1,0,0,V,V,3,3,1
2014 - 2015,English Premier League,2014-09-13,Liverpool,Aston Villa,True,0,0,4-2-3-1,18,1,0,0,0,22,9,3,7,2,0,898,618,D,45,0,0,12,65%,1902.55236816,1630,272.55236816,13,0,0,1,1,D,D,4,0,0
2014 - 2015,English Premier League,2014-09-20,West Ham United,Liverpool,False,1,0,4-3-3,11,5,4,0,0,17,11,0,5,1,0,733,393,D,87,5,2,12,57%,1883.68005371,1648,235.68005371000004,4,1,1,3,2,D,D,5,0,1
2014 - 2015,English Premier League,2014-09-27,Liverpool,Everton FC,True,1,0,4-3-3,24,8,4,0,0,20,8,2,8,2,0,693,365,N,86,5,3,10,46%,1866.01416016,1804,62.014160160000074,7,1,0,1,0,N,N,6,1,0
2014 - 2015,English Premier League,2014-10-04,Liverpool,West Bromwich Albion FC,True,2,2,4-2-3-1,19,7,3,0,0,21,12,3,5,2,0,545,223,V,39,8,2,6,42%,1847.27001953,1632,215.27001952999993,3,2,1,1,0,V,V,7,3,0
2014 - 2015,English Premier League,2014-10-19,Queens Park Rangers,Liverpool,False,3,1,4-2-3-1,15,5,4,0,0,9,15,2,2,3,0,784,376,V,109,7,0,12,52%,1849.68725586,1547,302.68725586000005,15,3,0,2,0,V,N,8,3,1
2014 - 2015,English Premier League,2014-10-25,Liverpool,Hull City,True,0,0,4-3-3,18,4,3,0,0,29,12,1,14,3,0,747,441,N,24,5,2,22,62%,1843.09118652,1578,265.09118652000006,3,0,0,0,0,N,N,9,1,0
2014 - 2015,English Premier League,2014-11-01,Newcastle United FC,Liverpool,False,0,0,4-3-3,6,3,1,0,0,18,8,7,2,3,0,813,483,D,77,9,0,10,60%,1835.81103516,1634,201.81103516000007,4,0,0,1,0,D,N,10,0,1
2014 - 2015,English Premier League,2014-11-08,Liverpool,Chelsea,True,1,1,4-2-3-1,12,4,3,0,0,26,9,6,5,2,0,775,432,D,81,9,2,10,54%,1815.82714844,1921,-105.17285156000004,4,1,1,2,1,D,N,11,0,0
2014 - 2015,English Premier League,2014-11-23,Crystal Palace FC,Liverpool,False,1,1,4-2-3-1,12,1,2,0,0,18,10,1,3,2,0,762,469,D,64,6,1,5,58%,1809.1505127,1589,220.15051270000004,15,1,1,3,1,D,N,12,0,1
2014 - 2015,English Premier League,2014-11-29,Liverpool,Stoke City FC,True,1,0,4-2-3-1,16,3,4,0,0,24,11,0,5,0,0,752,369,V,95,9,1,6,45%,1800.33056641,1673,127.33056641000007,3,1,0,0,0,V,N,13,3,0
2014 - 2015,English Premier League,2014-12-02,Leicester City,Liverpool,False,3,1,4-4-2,11,3,3,0,0,14,10,6,4,2,0,697,352,V,77,14,2,5,52%,1804.09375,1610,194.09375,3,3,1,1,1,V,N,14,3,1
2014 - 2015,English Premier League,2014-12-06,Liverpool,AFC Sunderland,True,0,0,4-2-3-1,15,2,1,0,0,27,12,1,5,1,0,725,375,N,93,6,0,14,54%,1810.6114502,1647,163.61145020000004,4,0,0,0,0,N,N,15,1,0
2014 - 2015,English Premier League,2014-12-14,Manchester United,Liverpool,False,0,0,3-5-2,19,8,3,0,0,10,14,2,7,3,0,680,349,D,92,2,1,5,48%,1797.86706543,1842,-44.132934570000096,5,0,0,3,2,D,D,16,0,1
2014 - 2015,English Premier League,2014-12-21,Liverpool,Arsenal FC,True,2,2,3-4-3,27,10,1,0,0,10,6,0,10,0,1,925,518,N,115,6,0,8,56%,1788.74633789,1847,-58.25366211000005,4,2,1,2,1,N,N,17,1,0
2014 - 2015,English Premier League,2014-12-26,Burnley FC,Liverpool,False,1,1,3-4-3,10,3,0,0,0,13,5,4,2,1,0,798,395,V,105,10,0,1,55%,1788.64733887,1586,202.64733887000008,5,1,0,0,0,V,N,18,3,1
2014 - 2015,English Premier League,2014-12-29,Liverpool,Swansea City,True,4,2,3-4-3,21,11,3,0,0,9,8,2,6,1,0,678,405,V,66,3,2,6,47%,1793.18505859,1687,106.18505858999993,3,4,1,1,0,V,V,19,3,0
2014 - 2015,English Premier League,2015-01-01,Liverpool,Leicester City,True,2,0,3-4-1-2,18,6,1,2,2,12,13,2,4,2,0,669,362,N,64,9,0,9,51%,1800.46789551,1591,209.46789551000006,3,2,2,2,0,N,V,20,1,0
2014 - 2015,English Premier League,2015-01-10,AFC Sunderland,Liverpool,False,1,1,3-4-3,21,4,1,0,0,14,11,0,6,4,0,697,430,V,64,7,1,14,55%,1794.05615234,1642,152.0561523399999,5,1,1,0,0,V,V,21,3,1
2014 - 2015,English Premier League,2015-01-17,Aston Villa,Liverpool,False,2,2,3-4-3,12,5,4,0,0,16,11,5,5,1,0,730,374,V,85,4,1,9,56%,1799.59545898,1607,192.59545898000007,7,2,1,0,0,V,V,22,3,1
2014 - 2015,English Premier League,2015-01-31,Liverpool,West Ham United,True,2,2,3-4-3,21,7,2,0,0,12,12,1,5,1,0,805,435,V,88,7,2,13,61%,1806.31896973,1707,99.31896972999995,4,2,0,0,0,V,N,23,3,0
2014 - 2015,English Premier League,2015-02-07,Everton FC,Liverpool,False,0,0,3-4-2-1,17,6,1,0,0,7,7,2,6,1,0,762,452,N,61,0,0,10,54%,1812.40515137,1746,66.4051513700001,3,0,0,0,0,N,N,24,1,1
2014 - 2015,English Premier League,2015-02-10,Liverpool,Tottenham Hotspur,True,3,2,3-4-2-1,16,7,3,1,1,13,13,1,5,3,0,1216,294,V,73,9,1,7,49%,1812.03479004,1791,21.03479003999996,3,3,1,2,1,V,N,25,3,0
2014 - 2015,English Premier League,2015-02-22,FC Southampton,Liverpool,False,2,1,3-4-2-1,6,4,5,0,0,6,14,2,1,3,0,1292,272,V,78,4,2,20,44%,1824.15197754,1774,50.15197753999996,3,2,1,0,0,V,V,26,3,1
2014 - 2015,English Premier League,2015-03-01,Liverpool,Manchester City,True,2,2,3-4-2-1,11,5,0,0,0,11,8,3,3,1,0,1444,366,V,95,5,0,12,49%,1810.90100098,1911,-100.09899902000005,7,2,1,1,1,V,N,27,3,0
2014 - 2015,English Premier League,2015-03-04,Liverpool,Burnley FC,True,2,1,3-4-3,20,8,1,0,0,9,8,0,6,0,0,1834,554,V,38,14,1,19,60%,1820.05700684,1569,251.05700684,3,2,1,0,0,V,V,28,3,0
2014 - 2015,English Premier League,2015-03-16,Swansea City,Liverpool,False,1,0,3-4-2-1,16,5,3,0,0,15,16,0,5,3,0,1632,478,V,92,3,1,14,52%,1820.18725586,1666,154.18725586000005,8,1,0,0,0,V,N,29,3,1
2014 - 2015,English Premier League,2015-03-22,Liverpool,Manchester United,True,1,0,3-4-3,7,1,2,0,0,5,14,0,2,2,1,1266,295,D,60,10,1,13,43%,1821.62683105,1831,-9.373168950000037,6,1,0,2,1,D,D,30,0,0
2014 - 2015,English Premier League,2015-04-04,Arsenal FC,Liverpool,False,1,0,3-5-2,13,2,6,1,1,11,9,3,5,0,1,1502,389,D,96,5,3,9,50%,1812.62329102,1854,-41.3767089800001,13,1,0,4,3,D,D,31,0,1
2014 - 2015,English Premier League,2015-04-13,Liverpool,Newcastle United FC,True,2,1,4-3-3,14,6,3,0,0,17,8,3,6,2,0,1498,427,V,52,4,2,23,57%,1802.78552246,1621,181.78552246000004,5,2,1,0,0,V,V,32,3,0
2014 - 2015,English Premier League,2015-04-25,West Bromwich Albion FC,Liverpool,False,0,0,3-4-3,22,5,4,0,0,23,11,1,4,0,0,2929,566,N,139,2,2,4,67%,1807.02526855,1601,206.02526855,6,0,0,0,0,N,N,33,1,1
2014 - 2015,English Premier League,2015-04-28,Hull City,Liverpool,False,0,0,4-4-2,12,9,3,0,0,14,10,0,7,0,0,1648,513,D,84,6,1,9,63%,1802.78833008,1571,231.78833007999992,3,0,0,1,1,D,D,34,0,1
2014 - 2015,English Premier League,2015-05-02,Liverpool,Queens Park Rangers,True,2,2,4-3-3,25,8,1,1,0,18,9,3,9,2,0,1446,348,V,113,9,1,5,58%,1790.08776855,1550,240.08776855,4,2,1,1,0,V,V,35,3,0
2014 - 2015,English Premier League,2015-05-10,Chelsea,Liverpool,False,1,1,4-3-3,15,4,2,0,0,22,11,3,4,3,0,1430,391,N,84,14,0,16,52%,1792.27502441,1922,-129.72497559,8,1,1,1,1,N,N,36,1,1
2014 - 2015,English Premier League,2015-05-16,Liverpool,Crystal Palace FC,True,1,0,3-4-3,18,3,3,0,0,22,10,1,4,2,0,1550,480,D,63,3,0,5,60%,1797.00012207,1624,173.0001220700001,6,1,1,3,1,D,N,37,0,0
2014 - 2015,English Premier League,2015-05-24,Stoke City FC,Liverpool,False,1,1,3-4-1-2,13,4,3,0,0,9,4,1,9,2,0,4369,398,D,75,2,0,4,53%,1777.94396973,1682,95.94396972999995,8,1,0,6,5,D,D,38,0,1
2015 - 2016,English Premier League,2015-08-09,Stoke City FC,Liverpool,False,1,1,4-2-3-1,8,3,1,0,0,21,16,2,5,4,0,776,382,V,100,5,1,35,53%,1750.2767334000002,1696,54.27673340000001,7,1,0,0,0,V,N,1,3,1
2015 - 2016,English Premier League,2015-08-17,Liverpool,AFC Bournemouth,True,1,1,4-2-3-1,18,2,2,0,0,10,11,1,6,1,0,783,405,V,90,4,2,57,55%,1758.22253418,1582,176.2225341799999,8,1,1,0,0,V,V,2,3,0
2015 - 2016,English Premier League,2015-08-24,Arsenal FC,Liverpool,False,0,0,4-2-3-1,15,8,5,0,0,16,13,4,8,4,0,635,253,N,60,22,3,26,42%,1761.30505371,1832,-70.69494628999995,7,0,0,0,0,N,N,3,1,1
2015 - 2016,English Premier League,2015-08-29,Liverpool,West Ham United,True,0,0,4-3-3,13,1,2,0,0,12,17,1,5,3,1,708,442,D,17,7,0,15,58%,1761.35168457,1594,167.3516845700001,5,0,0,3,2,D,D,4,0,0
2015 - 2016,English Premier League,2015-09-12,Manchester United,Liverpool,False,1,0,4-4-2,8,4,0,0,0,9,11,2,4,2,0,642,333,D,23,8,0,33,45%,1738.29748535,1805,-66.70251465000001,14,1,0,3,0,D,N,5,0,1
2015 - 2016,English Premier League,2015-09-20,Liverpool,Norwich City,True,1,1,3-5-2,22,7,1,0,0,18,4,3,6,1,0,776,469,N,32,3,0,8,56%,1722.66650391,1602,120.66650391000007,3,1,0,1,0,N,N,6,1,0
2015 - 2016,English Premier League,2015-09-26,Liverpool,Aston Villa,True,3,3,3-4-1-2,21,12,2,0,0,23,8,3,11,0,0,761,489,V,12,3,1,25,58%,1718.27893066,1551,167.27893066,6,3,1,2,0,V,V,7,3,0
2015 - 2016,English Premier League,2015-10-04,Everton FC,Liverpool,False,1,1,3-4-1-2,13,4,3,0,0,18,19,0,11,3,0,620,303,N,33,7,0,42,51%,1711.17614746,1718,-6.823852539999963,3,1,1,1,1,N,N,8,1,1
2015 - 2016,English Premier League,2015-10-17,Tottenham Hotspur,Liverpool,False,0,0,4-2-3-1,12,3,4,0,0,9,11,5,6,2,0,726,317,N,18,5,0,43,52%,1712.54797363,1737,-24.45202637000011,13,0,0,0,0,N,N,9,1,1
2015 - 2016,English Premier League,2015-10-25,Liverpool,FC Southampton,True,1,1,4-2-3-1,15,2,2,0,0,15,8,4,10,1,0,801,483,N,8,10,1,23,57%,1711.80065918,1692,19.800659179999908,3,1,0,1,0,N,N,10,1,0
2015 - 2016,English Premier League,2015-10-31,Chelsea,Liverpool,False,3,3,4-2-3-1,16,7,1,0,0,12,21,2,7,4,0,736,437,V,7,6,0,31,54%,1710.0501709000002,1804,-93.9498291,3,3,1,1,1,V,N,11,3,1
2015 - 2016,English Premier League,2015-11-08,Liverpool,Crystal Palace FC,True,1,1,4-2-3-1,22,4,2,0,0,27,7,1,14,1,0,698,389,D,1,2,0,25,58%,1741.79821777,1657,84.79821777000006,3,1,1,2,1,D,N,12,0,0
2015 - 2016,English Premier League,2015-11-21,Manchester City,Liverpool,False,4,2,4-2-3-1,14,9,2,0,0,13,13,5,5,3,0,610,256,V,5,5,0,62,45%,1730.27685547,1889,-158.7231445299999,13,4,3,1,1,V,V,13,3,1
2015 - 2016,English Premier League,2015-11-29,Liverpool,Swansea City,True,1,0,4-2-3-1,10,2,0,1,1,22,12,0,8,3,0,744,445,V,1,7,0,30,53%,1757.18371582,1646,111.18371582000007,3,1,0,0,0,V,N,14,3,0
2015 - 2016,English Premier League,2015-12-06,Newcastle United FC,Liverpool,False,0,0,4-2-3-1,10,1,0,0,0,34,10,2,7,1,0,799,438,D,14,5,0,37,57%,1761.55578613,1559,202.55578612999992,4,0,0,2,0,D,N,15,0,1
2015 - 2016,English Premier League,2015-12-13,Liverpool,West Bromwich Albion FC,True,2,2,4-3-3,28,8,0,0,0,30,7,1,4,0,0,838,523,N,2,3,0,21,63%,1747.46520996,1650,97.46520996000004,3,2,1,2,1,N,N,16,1,0
2015 - 2016,English Premier League,2015-12-20,Watford,Liverpool,False,0,0,4-3-2-1,12,4,2,0,0,20,9,10,9,0,0,739,376,D,7,3,0,29,60%,1743.63769531,1633,110.63769531000004,7,0,0,3,2,D,D,17,0,1
2015 - 2016,English Premier League,2015-12-26,Liverpool,Leicester City,True,1,1,4-4-2,25,4,3,0,0,23,11,5,7,2,0,785,399,V,5,6,0,25,61%,1726.46533203,1730,-3.5346679700001005,6,1,0,0,0,V,N,18,3,0
2015 - 2016,English Premier League,2015-12-30,AFC Sunderland,Liverpool,False,1,1,4-2-3-1,17,6,3,0,0,14,16,0,4,3,0,693,338,V,2,8,1,28,55%,1733.32971191,1574,159.32971191,4,1,0,0,0,V,N,19,3,1
2015 - 2016,English Premier League,2016-01-02,West Ham United,Liverpool,False,0,0,4-4-2,23,1,8,0,0,34,8,3,9,1,0,745,383,D,17,5,5,26,59%,1738.77990723,1664,74.77990722999994,3,0,0,2,1,D,D,20,0,1
2015 - 2016,English Premier League,2016-01-13,Liverpool,Arsenal FC,True,3,2,4-2-3-1,22,6,1,0,0,24,9,4,9,2,0,763,416,N,4,5,0,28,57%,1726.44458008,1847,-120.55541992000008,5,3,2,3,2,N,N,21,1,0
2015 - 2016,English Premier League,2016-01-17,Liverpool,Manchester United,True,0,0,4-3-3,19,4,0,0,0,20,6,3,5,0,0,721,363,D,7,7,0,37,52%,1728.23327637,1779,-50.766723629999895,4,0,0,1,0,D,N,22,0,0
2015 - 2016,English Premier League,2016-01-23,Norwich City,Liverpool,False,5,3,4-3-2-1,13,7,1,0,0,24,14,4,3,1,0,707,334,V,13,10,1,23,54,1719.88439941,1603,116.88439941,3,5,1,4,2,V,D,23,3,1
2015 - 2016,English Premier League,2016-02-02,Leicester City,Liverpool,False,0,0,4-3-3,14,2,4,0,0,27,7,2,12,1,0,804,431,D,6,5,1,33,58%,1726.37377929999,1740,-13.62622070000998,3,0,0,2,0,D,N,24,0,1
2015 - 2016,English Premier League,2016-02-06,Liverpool,AFC Sunderland,True,2,2,4-3-3,16,5,0,0,0,27,4,3,7,1,0,885,568,N,2,4,0,14,65%,1717.47705078,1584,133.4770507799999,4,2,0,2,0,N,N,25,1,0
2015 - 2016,English Premier League,2016-02-14,Aston Villa,Liverpool,False,6,4,4-4-2,11,9,1,0,0,24,9,1,6,1,0,814,538,V,10,1,0,39,57%,1712.5546875,1554,158.5546875,5,6,2,0,0,V,V,26,3,1
2015 - 2016,English Premier League,2016-03-02,Liverpool,Manchester City,True,3,3,4-2-3-1,11,7,1,0,0,18,14,4,3,0,0,684,353,V,11,1,1,32,50%,1744.19763184,1859,-114.80236816,6,3,2,0,0,V,V,27,3,0
2015 - 2016,English Premier League,2016-03-06,Crystal Palace FC,Liverpool,False,2,0,4-2-3-1,19,5,3,1,1,25,16,2,6,2,1,811,466,V,13,10,1,36,59%,1760.83825684,1639,121.83825684,4,2,0,1,0,V,N,28,3,1
2015 - 2016,English Premier League,2016-03-20,FC Southampton,Liverpool,False,2,2,4-4-2,18,9,2,0,0,19,13,2,5,3,0,650,363,D,2,7,0,27,49%,1774.93945312,1722,52.939453120000046,3,2,2,3,0,D,V,29,0,1
2015 - 2016,English Premier League,2016-04-02,Liverpool,Tottenham Hotspur,True,1,1,4-2-3-1,15,7,4,0,0,19,11,0,12,2,0,615,240,N,10,9,0,48,45%,1766.79980469,1814,-47.20019531000002,13,1,0,1,0,N,N,30,1,0
2015 - 2016,English Premier League,2016-04-10,Liverpool,Stoke City FC,True,4,4,4-3-3,14,6,2,0,0,23,14,1,6,0,0,684,394,V,7,3,0,39,52%,1773.91552734,1704,69.91552733999994,3,4,2,1,1,V,V,31,3,0
2015 - 2016,English Premier League,2016-04-17,AFC Bournemouth,Liverpool,False,2,1,4-2-3-1,19,6,3,0,0,19,9,3,4,0,0,749,395,V,27,15,1,28,51%,1800.55432129,1644,156.55432128999996,3,2,2,1,0,V,V,32,3,1
2015 - 2016,English Premier League,2016-04-20,Liverpool,Everton FC,True,4,4,4-2-3-1,37,13,0,0,0,49,8,2,9,1,0,833,522,V,21,4,0,26,61%,1805.76208496,1712,93.76208496000004,3,4,2,0,0,V,V,33,3,0
2015 - 2016,English Premier League,2016-04-23,Liverpool,Newcastle United FC,True,2,2,4-3-3,13,4,1,0,0,32,8,3,5,1,0,856,492,N,22,3,1,18,60%,1814.88342285,1589,225.88342285,3,2,2,2,0,N,V,34,1,0
2015 - 2016,English Premier League,2016-05-01,Swansea City,Liverpool,False,1,1,4-2-3-1,11,3,6,0,0,16,13,0,7,2,1,721,433,D,12,8,2,34,51%,1802.88464355,1648,154.88464354999996,3,1,0,3,2,D,D,35,0,1
2015 - 2016,English Premier League,2016-05-08,Liverpool,Watford,True,2,2,4-3-3,19,5,3,0,0,23,10,2,8,1,0,756,460,V,17,5,0,30,62%,1817.20996094,1645,172.20996093999997,3,2,1,0,0,V,V,36,3,0
2015 - 2016,English Premier League,2016-05-11,Liverpool,Chelsea,True,1,0,4-2-3-1,28,8,6,0,0,29,11,1,7,3,0,780,477,N,24,5,1,34,54%,1821.60974121,1796,25.60974121000004,3,1,0,1,1,N,D,37,1,0
2015 - 2016,English Premier League,2016-05-15,West Bromwich Albion FC,Liverpool,False,1,1,4-3-3,7,3,0,0,0,14,14,0,5,1,0,829,500,N,11,6,0,34,61%,1819.49597168,1646,173.4959716799999,4,1,1,1,1,N,N,38,1,1
2016 - 2017,English Premier League,2016-08-14,Arsenal FC,Liverpool,False,4,3,4-3-3,16,7,2,0,0,14,17,3,4,3,0,1414,354,V,0,27,0,26,50%,1801.18237305,1841,-39.817626949999976,7,4,1,3,1,V,N,1,3,1
2016 - 2017,English Premier League,2016-08-20,Burnley FC,Liverpool,False,0,0,4-3-3,26,5,0,0,0,38,5,0,12,1,0,2486,734,D,0,13,0,16,74%,1813.15234375,1631,182.15234375,6,0,0,2,2,D,D,2,0,1
2016 - 2017,English Premier League,2016-08-27,Tottenham Hotspur,Liverpool,False,1,0,4-3-3,13,3,3,1,1,15,17,6,5,5,0,1268,314,N,10,30,0,16,48%,1790.23718262,1801,-10.762817379999886,4,1,1,1,0,N,V,3,1,1
2016 - 2017,English Premier League,2016-09-10,Liverpool,Leicester City,True,4,4,4-3-3,17,11,2,0,0,12,4,3,1,1,0,1627,473,V,0,24,0,13,60%,1792.14282227,1798,-5.857177730000102,14,4,2,1,1,V,V,4,3,0
2016 - 2017,English Premier League,2016-09-16,Chelsea,Liverpool,False,2,1,4-2-3-1,13,5,3,0,0,16,13,2,4,1,0,1391,407,V,0,20,0,17,45%,1805.07214355,1804,1.0721435499999643,6,2,2,1,0,V,V,5,3,1
2016 - 2017,English Premier League,2016-09-24,Liverpool,Hull City,True,5,3,4-3-3,32,12,0,2,2,28,8,0,13,1,0,2112,680,V,6,7,0,18,68%,1814.18359375,1606,208.18359375,4,5,3,1,0,V,V,6,3,0
2016 - 2017,English Premier League,2016-10-01,Swansea City,Liverpool,False,2,1,4-3-3,18,6,2,1,1,45,9,2,10,2,0,1707,465,V,6,22,0,18,58%,1822.40649414,1667,155.40649413999995,7,2,0,1,1,V,D,7,3,1
2016 - 2017,English Premier League,2016-10-17,Liverpool,Manchester United,True,0,0,4-3-3,9,3,1,0,0,13,14,2,3,0,0,1772,468,N,8,19,0,22,62%,1827.85656738,1784,43.856567379999895,16,0,0,0,0,N,N,8,1,0
2016 - 2017,English Premier League,2016-10-22,Liverpool,West Bromwich Albion FC,True,2,2,4-3-3,21,7,0,0,0,24,9,3,3,1,0,1863,547,V,3,19,0,13,62%,1824.21472168,1652,172.2147216799999,5,2,2,1,0,V,V,9,3,0
2016 - 2017,English Premier League,2016-10-29,Crystal Palace FC,Liverpool,False,4,4,4-3-3,17,10,4,0,0,21,5,1,3,2,0,1482,397,V,1,11,0,24,54%,1827.21130371,1639,188.21130371000004,4,4,3,2,2,V,V,10,3,1
2016 - 2017,English Premier League,2016-11-06,Liverpool,Watford,True,6,5,4-3-3,28,17,7,0,0,27,14,1,6,1,0,1469,408,V,7,13,0,20,55%,1833.10266113,1651,182.10266112999992,8,6,3,1,0,V,V,11,3,0
2016 - 2017,English Premier League,2016-11-19,FC Southampton,Liverpool,False,0,0,4-3-3,15,3,0,0,0,29,11,2,8,1,0,1824,529,N,6,27,0,14,61%,1839.4621582000002,1755,84.46215819999998,13,0,0,0,0,N,N,12,1,1
2016 - 2017,English Premier League,2016-11-26,Liverpool,AFC Sunderland,True,2,1,4-3-3,27,7,1,1,1,48,4,0,9,1,0,2050,590,V,2,23,0,17,68%,1835.03967285,1616,219.03967285,7,2,0,0,0,V,N,13,3,0
2016 - 2017,English Premier League,2016-12-04,AFC Bournemouth,Liverpool,False,3,3,4-3-3,10,3,4,0,0,33,17,1,9,2,0,1521,460,D,5,19,0,15,57%,1838.36340332,1623,215.3634033200001,5,3,2,4,0,D,V,14,0,1
2016 - 2017,English Premier League,2016-12-11,Liverpool,West Ham United,True,2,1,4-3-3,18,3,1,0,0,50,7,5,11,2,0,1711,500,N,0,18,0,5,63%,1824.71105957,1646,178.7110595700001,7,2,1,2,2,N,D,15,1,0
2016 - 2017,English Premier League,2016-12-14,Middlesbrough,Liverpool,False,3,3,4-3-3,15,4,3,0,0,17,14,4,2,0,0,1833,596,V,7,16,0,19,59%,1818.63537598,1608,210.63537597999996,3,3,1,0,0,V,V,16,3,1
2016 - 2017,English Premier League,2016-12-19,Everton FC,Liverpool,False,1,0,4-3-3,11,4,1,0,0,27,9,1,6,1,0,1683,479,V,9,21,0,17,65%,1826.68908691,1699,127.68908691,5,1,0,0,0,V,N,17,3,1
2016 - 2017,English Premier League,2016-12-27,Liverpool,Stoke City FC,True,4,2,4-3-3,20,6,1,0,0,21,9,0,8,0,0,1765,504,V,7,15,0,22,60%,1832.94970703,1670,162.9497070299999,8,4,2,1,1,V,V,18,3,0
2016 - 2017,English Premier League,2016-12-31,Liverpool,Manchester City,True,1,1,4-3-3,5,1,2,0,0,10,12,2,4,2,0,1198,285,V,13,26,0,13,46%,1838.20996094,1854,-15.790039060000026,4,1,1,0,0,V,V,19,3,0
2016 - 2017,English Premier League,2017-01-02,AFC Sunderland,Liverpool,False,2,1,4-3-3,21,15,3,0,0,28,10,3,5,3,0,2008,600,N,3,16,0,10,64%,1844.82714844,1599,245.82714844,2,2,1,2,1,N,N,20,1,1
2016 - 2017,English Premier League,2017-01-15,Manchester United,Liverpool,False,1,0,4-3-3,13,4,2,1,1,19,13,2,7,3,0,1174,269,N,0,26,0,25,46%,1839.94555664,1814,25.945556639999946,4,1,1,1,0,N,V,21,1,1
2016 - 2017,English Premier League,2017-01-21,Liverpool,Swansea City,True,2,2,4-3-3,16,5,0,0,0,47,7,2,6,1,0,1997,652,D,4,15,0,19,68%,1841.03796387,1597,244.03796387000008,3,2,0,3,0,D,N,22,0,0
2016 - 2017,English Premier League,2017-01-31,Liverpool,Chelsea,True,1,0,4-3-3,7,3,1,0,0,30,13,5,3,2,0,1630,487,N,10,20,0,14,59%,1826.1986084000002,1876,-49.80139159999999,3,1,0,1,1,N,D,23,1,0
2016 - 2017,English Premier League,2017-02-04,Hull City,Liverpool,False,0,0,4-3-3,22,5,2,0,0,49,12,1,15,1,0,1738,501,D,2,15,0,10,66%,1825.65844727,1561,264.6584472699999,4,0,0,2,1,D,D,24,0,1
2016 - 2017,English Premier League,2017-02-11,Liverpool,Tottenham Hotspur,True,2,1,4-3-3,18,9,2,0,0,25,14,2,10,3,0,1181,268,V,12,24,0,11,49%,1807.45654297,1847,-39.5434570299999,7,2,2,0,0,V,V,25,3,0
2016 - 2017,English Premier League,2017-02-27,Leicester City,Liverpool,False,1,1,4-3-3,17,7,4,0,0,38,5,2,12,0,0,1767,503,D,8,21,0,19,65%,1813.77148438,1669,144.77148437999998,16,1,0,3,2,D,D,26,0,1
2016 - 2017,English Premier League,2017-03-04,Liverpool,Arsenal FC,True,3,3,4-3-3,18,7,2,0,0,24,8,5,9,1,0,1259,317,V,6,18,0,15,52%,1799.58642578,1842,-42.4135742200001,5,3,2,1,0,V,V,27,3,0
2016 - 2017,English Premier League,2017-03-12,Liverpool,Burnley FC,True,2,1,4-3-3,10,3,0,0,0,29,12,3,11,2,0,1447,386,V,8,13,0,4,63%,1809.16699219,1633,176.16699218999997,8,2,1,1,1,V,N,28,3,0
2016 - 2017,English Premier League,2017-03-19,Manchester City,Liverpool,False,1,0,4-3-3,13,4,2,1,1,21,7,2,8,3,0,1176,286,N,7,20,0,16,42%,1814.47534179999,1837,-22.52465820000998,7,1,0,1,0,N,N,29,1,1
2016 - 2017,English Premier League,2017-04-01,Liverpool,Everton FC,True,3,3,4-3-3,10,6,3,0,0,9,17,1,2,1,0,1392,330,V,8,23,3,16,54%,1817.08398438,1759,58.083984379999954,13,3,2,1,1,V,V,30,3,0
2016 - 2017,English Premier League,2017-04-05,Liverpool,AFC Bournemouth,True,2,2,4-3-3,20,8,0,0,0,33,11,2,7,1,0,1666,465,N,3,18,3,13,61%,1823.95202637,1622,201.95202637000008,4,2,1,2,1,N,N,31,1,0
2016 - 2017,English Premier League,2017-04-08,Stoke City FC,Liverpool,False,2,1,3-5-1-1,14,4,3,0,0,22,11,2,8,2,0,1484,371,V,7,19,3,19,56%,1817.31542969,1664,153.31542968999997,3,2,0,1,1,V,D,32,3,1
2016 - 2017,English Premier League,2017-04-16,West Bromwich Albion FC,Liverpool,False,1,1,4-3-3,15,2,2,0,0,18,9,2,4,1,0,1654,446,V,8,21,3,14,62%,1823.36437988,1664,159.36437987999992,8,1,1,0,0,V,V,33,3,1
2016 - 2017,English Premier League,2017-04-23,Liverpool,Crystal Palace FC,True,1,0,4-3-3,14,1,1,0,0,29,8,0,4,1,0,1813,497,D,3,12,4,15,69%,1830.2598877,1641,189.25988770000004,7,1,1,2,1,D,N,34,0,0
2016 - 2017,English Premier League,2017-05-01,Watford,Liverpool,False,1,1,4-3-3,12,8,2,0,0,24,9,0,5,1,0,1560,408,V,8,21,3,7,58%,1815.95959473,1622,193.95959472999996,8,1,1,0,0,V,V,35,3,1
2016 - 2017,English Premier League,2017-05-07,Liverpool,FC Southampton,True,0,0,4-3-3,17,8,0,1,0,21,9,1,3,1,0,1841,475,N,5,19,3,16,67%,1822.80273438,1694,128.80273437999998,6,0,0,0,0,N,N,36,1,0
2016 - 2017,English Premier League,2017-05-14,West Ham United,Liverpool,False,4,3,4-3-3,26,11,3,0,0,23,10,3,6,0,0,1808,513,V,5,7,6,24,63%,1817.51379395,1671,146.51379395000004,7,4,1,0,0,V,V,37,3,1
2016 - 2017,English Premier League,2017-05-21,Liverpool,Middlesbrough,True,3,2,4-4-2,25,9,3,0,0,21,13,1,3,0,0,2158,649,V,2,14,6,8,67%,1829.69250488,1560,269.69250487999994,7,3,1,0,0,V,V,38,3,0
2017 - 2018,English Premier League,2017-08-12,Watford,Liverpool,False,3,2,4-3-3,14,5,1,1,1,16,8,1,3,3,0,1351,370,N,6,23,1,14,52%,1835.66101074,1602,233.66101073999997,7,3,1,3,2,N,D,1,1,1
2017 - 2018,English Premier League,2017-08-19,Liverpool,Crystal Palace FC,True,1,0,4-3-3,23,13,1,0,0,30,12,2,4,1,0,1936,623,V,4,9,6,14,64%,1843.015625,1621,222.015625,4,1,0,0,0,V,N,2,3,0
2017 - 2018,English Premier League,2017-08-27,Liverpool,Arsenal FC,True,4,3,4-3-3,18,10,0,0,0,20,6,3,4,2,0,1475,438,V,7,21,2,18,51%,1851.50878906,1844,7.508789060000026,4,4,2,0,0,V,V,3,3,0
2017 - 2018,English Premier League,2017-09-09,Manchester City,Liverpool,False,0,0,4-3-3,7,3,5,0,0,11,9,2,3,2,1,1031,317,D,9,17,5,12,38%,1863.06335449,1874,-10.936645510000062,13,0,0,5,2,D,D,4,0,1
2017 - 2018,English Premier League,2017-09-16,Liverpool,Burnley FC,True,1,1,4-3-3,35,9,2,0,0,47,7,1,12,1,0,2023,616,N,1,15,4,5,65%,1849.14086914,1654,195.14086913999995,3,1,1,1,1,N,N,5,1,0
2017 - 2018,English Premier League,2017-09-23,Leicester City,Liverpool,False,3,2,4-3-3,23,6,5,0,0,18,14,1,6,3,0,1324,365,V,3,13,2,11,53%,1842.63708496,1712,130.63708496000004,4,3,2,2,1,V,V,6,3,1
2017 - 2018,English Premier League,2017-10-01,Newcastle United FC,Liverpool,False,1,0,4-3-3,17,2,4,0,0,30,6,2,5,1,0,1776,553,N,5,11,6,13,65%,1854.91076659999,1647,207.91076659999,5,1,1,1,1,N,N,7,1,1
2017 - 2018,English Premier League,2017-10-14,Liverpool,Manchester United,True,0,0,4-3-3,19,5,1,0,0,34,7,3,7,0,0,1783,540,N,7,18,1,9,59%,1850.99987793,1917,-66.00012207000009,13,0,0,0,0,N,N,8,1,0
2017 - 2018,English Premier League,2017-10-22,Tottenham Hotspur,Liverpool,False,1,1,4-3-3,12,7,1,0,0,33,8,2,5,1,0,1773,563,D,1,18,5,22,60%,1858.93884277,1927,-68.06115722999994,5,1,1,4,3,D,D,9,0,1
2017 - 2018,English Premier League,2017-10-28,Liverpool,Huddersfield Town,True,3,2,4-3-3,16,8,0,1,0,27,10,0,9,0,0,1937,696,V,3,9,4,15,64%,1850.83435059,1541,309.83435059,6,3,0,0,0,V,N,10,3,0
2017 - 2018,English Premier League,2017-11-04,West Ham United,Liverpool,False,4,2,4-3-3,15,7,0,0,0,10,13,1,3,0,0,1364,402,V,4,21,4,17,52%,1854.05456543,1657,197.0545654299999,3,4,2,1,0,V,V,11,3,1
2017 - 2018,English Premier League,2017-11-18,Liverpool,FC Southampton,True,3,2,4-3-3,21,8,0,0,0,24,15,2,10,1,0,1540,491,V,1,13,3,13,62%,1861.9329834000002,1681,180.9329834,14,3,2,0,0,V,V,12,3,0
2017 - 2018,English Premier League,2017-11-25,Liverpool,Chelsea,True,1,1,4-3-3,16,4,2,0,0,22,10,0,7,0,0,1668,535,N,9,22,3,15,55%,1856.26062012,1919,-62.739379879999895,4,1,0,1,0,N,N,13,1,0
2017 - 2018,English Premier League,2017-11-29,Stoke City FC,Liverpool,False,3,2,4-3-3,14,7,1,0,0,21,10,2,9,5,0,1500,463,V,4,25,2,9,58%,1856.23876953,1659,197.23876952999993,4,3,1,0,0,V,V,14,3,1
2017 - 2018,English Premier League,2017-12-02,Brighton & Hove Albion,Liverpool,False,5,3,4-3-3,12,6,1,0,0,14,7,2,2,0,0,1799,600,V,8,12,2,8,56%,1864.15441895,1623,241.15441895000004,3,5,2,1,0,V,V,15,3,1
2017 - 2018,English Premier League,2017-12-10,Liverpool,Everton FC,True,1,1,4-3-3,23,3,1,0,0,52,8,1,12,1,0,2176,674,N,1,16,5,9,79%,1881.17480469,1684,197.17480469,4,1,1,1,0,N,V,16,1,0
2017 - 2018,English Premier League,2017-12-13,Liverpool,West Bromwich Albion FC,True,0,0,4-3-3,13,4,1,0,0,21,16,1,5,1,0,2204,642,N,2,19,9,19,64%,1874.81555176,1624,250.81555176000006,3,0,0,0,0,N,N,17,1,0
2017 - 2018,English Premier League,2017-12-17,AFC Bournemouth,Liverpool,False,4,4,4-3-3,21,7,2,0,0,21,10,4,3,1,0,1741,600,V,3,21,4,10,55%,1867.63293457,1648,219.6329345700001,4,4,3,0,0,V,V,18,3,1
2017 - 2018,English Premier League,2017-12-22,Arsenal FC,Liverpool,False,3,2,4-2-3-1,14,9,1,0,0,27,11,1,8,0,0,1226,351,N,12,22,8,16,49%,1875.73974609,1840,35.739746089999926,5,3,1,3,0,N,V,19,1,1
2017 - 2018,English Premier League,2017-12-26,Liverpool,Swansea City,True,5,3,4-3-3,22,9,4,0,0,24,5,3,4,0,0,1727,540,V,6,15,4,13,58%,1876.42639159999,1609,267.42639159999,4,5,1,0,0,V,V,20,3,0
2017 - 2018,English Premier League,2017-12-30,Liverpool,Leicester City,True,2,2,4-3-3,17,6,0,0,0,28,7,5,7,3,0,1616,491,V,4,19,4,14,62%,1880.34729004,1727,153.34729003999996,4,2,0,1,1,V,D,21,3,0
2017 - 2018,English Premier League,2018-01-01,Burnley FC,Liverpool,False,2,1,4-3-3,18,5,3,0,0,27,12,2,9,0,0,1593,447,V,2,19,6,10,61%,1883.5213623,1694,189.5213623,2,2,0,1,0,V,N,22,3,1
2017 - 2018,English Premier League,2018-01-14,Liverpool,Manchester City,True,4,3,4-3-3,16,7,1,0,0,17,10,3,5,2,0,1138,304,V,6,22,4,26,39%,1888.36022949,1980,-91.63977051000006,9,4,1,3,1,V,N,23,3,0
2017 - 2018,English Premier League,2018-01-22,Swansea City,Liverpool,False,0,0,4-3-3,21,4,1,0,0,34,9,1,9,2,0,2010,683,D,0,8,8,14,70%,1897.25512695,1613,284.25512695,8,0,0,1,1,D,D,24,0,1
2017 - 2018,English Premier League,2018-01-30,Huddersfield Town,Liverpool,False,3,1,4-3-3,14,7,1,1,1,23,8,2,4,0,0,2234,834,V,2,9,6,10,74%,1883.71899414,1538,345.71899413999995,3,3,2,0,0,V,V,25,3,1
2017 - 2018,English Premier League,2018-02-04,Liverpool,Tottenham Hotspur,True,2,0,4-3-3,9,3,4,0,0,18,15,2,3,3,0,948,210,N,3,27,7,8,40%,1887.24829102,1919,-31.751708980000107,5,2,1,2,0,N,V,26,1,0
2017 - 2018,English Premier League,2018-02-11,FC Southampton,Liverpool,False,2,2,4-3-3,16,4,4,0,0,10,8,0,1,2,0,1348,411,V,3,14,4,10,48%,1886.68078613,1666,220.68078612999992,7,2,2,0,0,V,V,27,3,1
2017 - 2018,English Premier League,2018-02-24,Liverpool,West Ham United,True,4,4,4-3-3,21,12,3,0,0,35,7,1,8,0,0,1834,641,V,3,10,8,26,61%,1912.05175781,1670,242.05175781000003,10,4,1,1,0,V,V,28,3,0
2017 - 2018,English Premier League,2018-03-03,Liverpool,Newcastle United FC,True,2,2,4-3-3,14,3,2,0,0,20,7,4,8,0,0,1893,685,V,3,16,5,8,66%,1915.40930176,1644,271.40930176000006,7,2,1,0,0,V,V,29,3,0
2017 - 2018,English Premier League,2018-03-10,Manchester United,Liverpool,False,1,0,4-3-3,14,2,0,0,0,37,16,0,13,1,0,1776,513,D,3,9,3,19,62%,1914.3260498,1904,10.326049799999963,4,1,0,2,2,D,D,30,0,1
2017 - 2018,English Premier League,2018-03-17,Liverpool,Watford,True,5,4,4-3-3,13,10,1,0,0,26,5,6,6,1,0,1537,507,V,6,21,4,19,56%,1900.92272949,1639,261.92272948999994,7,5,2,0,0,V,V,31,3,0
2017 - 2018,English Premier League,2018-03-31,Crystal Palace FC,Liverpool,False,2,2,4-3-3,16,6,2,0,0,39,8,1,6,2,0,1729,587,V,3,12,5,14,63%,1904.96777344,1649,255.96777344,14,2,0,1,1,V,D,32,3,1
2017 - 2018,English Premier League,2018-04-07,Everton FC,Liverpool,False,0,0,4-3-3,10,3,1,0,0,18,7,1,2,0,0,1529,486,N,3,20,2,10,61%,1929.28918457,1693,236.2891845700001,3,0,0,0,0,N,N,33,1,1
2017 - 2018,English Premier League,2018-04-14,Liverpool,AFC Bournemouth,True,3,2,4-3-3,20,7,1,0,0,30,9,4,7,1,0,1710,551,V,3,13,7,17,61%,1934.20568848,1671,263.20568847999994,4,3,1,0,0,V,V,34,3,0
2017 - 2018,English Premier League,2018-04-21,West Bromwich Albion FC,Liverpool,False,2,2,4-3-3,9,3,4,0,0,19,5,2,4,1,0,1646,498,N,0,33,5,7,60%,1937.2442627,1595,342.2442627000001,7,2,1,2,0,N,V,35,1,1
2017 - 2018,English Premier League,2018-04-28,Liverpool,Stoke City FC,True,0,0,4-3-3,20,2,1,0,0,38,7,2,9,1,0,1753,542,N,4,18,6,6,70%,1942.36901855,1620,322.36901855,4,0,0,0,0,N,N,36,1,0
2017 - 2018,English Premier League,2018-05-06,Chelsea,Liverpool,False,0,0,4-3-3,10,5,3,0,0,30,9,0,1,3,0,1986,711,D,7,12,6,13,63%,1929.0949707000002,1856,73.09497069999998,4,0,0,1,1,D,D,37,0,1
2017 - 2018,English Premier League,2018-05-13,Liverpool,Brighton & Hove Albion,True,4,2,4-3-3,22,11,1,0,0,27,3,1,7,0,0,2025,676,V,4,11,3,6,66%,1920.7590332000002,1635,285.7590332,7,4,2,0,0,V,V,38,3,0
2018 - 2019,English Premier League,2018-08-12,Liverpool,West Ham United,True,4,3,4-3-3,18,8,2,0,0,33,14,5,5,1,0,1873,628,V,8,19,5,11,61%,1914.92382812,1671,243.92382812000002,5,4,2,0,0,V,V,1,3,0
2018 - 2019,English Premier League,2018-08-20,Crystal Palace FC,Liverpool,False,2,1,4-3-3,16,6,2,1,1,28,13,2,7,1,0,1755,585,V,6,15,5,16,59%,1921.41906738,1705,216.41906737999992,8,2,1,0,0,V,V,2,3,1
2018 - 2019,English Premier League,2018-08-25,Liverpool,Brighton & Hove Albion,True,1,1,4-3-3,22,8,2,0,0,32,8,1,8,1,0,2038,680,V,2,13,3,16,69%,1923.71032715,1633,290.71032715,5,1,1,0,0,V,V,3,3,0
2018 - 2019,English Premier League,2018-09-01,Leicester City,Liverpool,False,2,2,4-3-3,10,4,4,0,0,12,12,2,4,2,0,1347,410,V,7,17,4,13,50%,1922.75268555,1703,219.75268555,7,2,2,1,0,V,V,4,3,1
2018 - 2019,English Premier League,2018-09-15,Tottenham Hotspur,Liverpool,False,2,0,4-3-3,17,10,2,0,0,15,16,2,4,0,0,1085,294,V,8,18,3,13,42%,1926.84753418,1916,10.847534179999911,14,2,1,1,0,V,V,5,3,1
2018 - 2019,English Premier League,2018-09-22,Liverpool,FC Southampton,True,3,1,4-2-3-1,12,4,1,0,0,23,7,4,5,0,0,1924,681,V,4,14,5,11,57%,1939.24194336,1645,294.24194336000005,4,3,3,0,0,V,V,6,3,0
2018 - 2019,English Premier League,2018-09-29,Chelsea,Liverpool,False,1,1,4-3-3,13,6,3,0,0,22,8,2,4,2,0,1665,553,N,8,18,3,14,54%,1941.79602051,1855,86.79602051000006,3,1,0,1,1,N,D,7,1,1
2018 - 2019,English Premier League,2018-10-07,Liverpool,Manchester City,True,0,0,4-3-3,7,2,2,0,0,21,10,2,2,1,0,1514,467,N,9,19,4,16,51%,1929.03295898,1963,-33.9670410199999,4,0,0,0,0,N,N,8,1,0
2018 - 2019,English Premier League,2018-10-20,Huddersfield Town,Liverpool,False,1,1,4-3-3,11,2,1,0,0,20,6,2,4,2,0,1542,499,V,9,25,3,11,51%,1928.21496582,1542,386.21496582000015,13,1,1,0,0,V,V,9,3,1
2018 - 2019,English Premier League,2018-10-27,Liverpool,Cardiff City,True,4,2,4-2-3-1,19,7,0,0,0,32,6,0,8,0,0,2301,776,V,5,14,0,13,74%,1933.84973145,1556,377.84973145,3,4,1,1,0,V,V,10,3,0
2018 - 2019,English Premier League,2018-11-03,Arsenal FC,Liverpool,False,1,0,4-3-3,13,4,3,0,0,24,7,1,8,1,0,1083,300,N,5,24,5,11,41%,1935.45996094,1845,90.45996093999996,7,1,0,1,0,N,N,11,1,1
2018 - 2019,English Premier League,2018-11-11,Liverpool,Fulham FC,True,2,2,4-3-3,20,7,3,0,0,28,11,2,6,1,0,1925,667,V,3,17,3,12,67%,1911.03955078,1572,339.0395507799999,5,2,1,0,0,V,V,12,3,0
2018 - 2019,English Premier League,2018-11-24,Watford,Liverpool,False,3,1,4-2-3-1,10,7,1,0,0,22,13,4,5,0,1,1673,559,V,15,16,4,9,61%,1912.60180664,1650,262.60180663999995,13,3,0,0,0,V,N,13,3,1
2018 - 2019,English Premier League,2018-12-02,Liverpool,Everton FC,True,1,0,4-2-3-1,16,4,3,0,0,28,12,1,8,3,0,1474,452,V,3,15,3,11,57%,1913.48352051,1711,202.48352051000006,4,1,0,0,0,V,N,14,3,0
2018 - 2019,English Premier League,2018-12-05,Burnley FC,Liverpool,False,3,3,4-4-2,18,12,5,0,0,28,3,3,9,0,0,1781,603,V,3,12,8,7,67%,1915.98449707,1615,300.9844970700001,3,3,0,1,0,V,N,15,3,1
2018 - 2019,English Premier League,2018-12-08,AFC Bournemouth,Liverpool,False,4,2,4-4-2,10,4,2,0,0,17,11,2,6,1,0,1656,561,V,7,28,2,7,58%,1919.99267578,1683,236.99267577999993,3,4,1,0,0,V,V,16,3,1
2018 - 2019,English Premier League,2018-12-16,Liverpool,Manchester United,True,3,1,4-3-3,36,11,1,0,0,33,6,2,13,0,0,1692,480,V,5,16,3,12,61%,1930.93078613,1842,88.93078612999989,5,3,1,1,1,V,N,17,3,0
2018 - 2019,English Premier League,2018-12-21,Wolverhampton Wanderers FC,Liverpool,False,2,2,4-2-3-1,15,6,5,0,0,18,3,2,10,0,0,1789,623,V,11,24,5,8,60%,1937.31054688,1628,309.31054687999995,5,2,1,0,0,V,V,18,3,1
2018 - 2019,English Premier League,2018-12-26,Liverpool,Newcastle United FC,True,4,2,4-2-3-1,16,8,2,1,1,38,7,1,10,0,0,1849,659,V,8,14,7,11,67%,1941.13952637,1630,311.1395263700001,5,4,1,0,0,V,V,19,3,0
2018 - 2019,English Premier League,2018-12-29,Liverpool,Arsenal FC,True,5,1,4-2-3-1,15,10,1,2,2,11,8,2,5,1,0,1296,438,V,14,24,4,10,45%,1944.08325195,1843,101.08325194999998,3,5,4,1,1,V,V,20,3,0
2018 - 2019,English Premier League,2019-01-03,Manchester City,Liverpool,False,1,1,4-3-3,7,5,2,0,0,20,7,1,1,2,0,1419,499,D,7,16,3,11,48%,1952.49291992,1963,-10.507080079999923,5,1,0,2,1,D,D,21,0,1
2018 - 2019,English Premier League,2019-01-12,Brighton & Hove Albion,Liverpool,False,1,0,4-2-3-1,10,3,0,1,1,22,5,0,7,0,0,1868,664,V,8,11,6,13,67%,1946.10949707,1641,305.1094970700001,5,1,0,0,0,V,N,22,3,1
2018 - 2019,English Premier League,2019-01-19,Liverpool,Crystal Palace FC,True,4,2,4-2-3-1,19,9,0,0,0,37,6,1,8,0,1,2031,665,V,4,21,5,10,64%,1948.7277832000002,1658,290.7277832,7,4,0,3,1,V,D,23,3,0
2018 - 2019,English Premier League,2019-01-30,Liverpool,Leicester City,True,1,0,4-2-3-1,10,3,1,0,0,35,13,4,7,1,0,2085,729,N,7,14,3,6,67%,1950.35314941,1683,267.35314941,11,1,1,1,1,N,N,24,1,0
2018 - 2019,English Premier League,2019-02-04,West Ham United,Liverpool,False,1,1,4-3-3,11,6,1,0,0,22,11,3,5,1,0,1867,618,N,3,13,6,15,65%,1943.01025391,1663,280.0102539100001,5,1,1,1,1,N,N,25,1,1
2018 - 2019,English Premier League,2019-02-09,Liverpool,AFC Bournemouth,True,3,3,4-3-3,20,9,2,0,0,21,14,1,8,2,0,2025,662,V,9,26,3,20,64%,1937.44152832,1670,267.4415283200001,5,3,2,0,0,V,V,26,3,0
2018 - 2019,English Premier League,2019-02-24,Manchester United,Liverpool,False,0,0,4-3-3,7,1,3,0,0,34,17,1,7,3,0,1636,505,N,7,14,6,11,62%,1940.45117188,1861,79.45117187999995,5,0,0,0,0,N,N,27,1,1
2018 - 2019,English Premier League,2019-02-27,Liverpool,Watford,True,5,5,4-3-3,19,10,3,0,0,32,5,1,6,0,0,1719,558,V,8,18,4,17,58%,1939.83374023,1682,257.8337402300001,3,5,2,0,0,V,V,28,3,0
2018 - 2019,English Premier League,2019-03-03,Everton FC,Liverpool,False,0,0,4-3-3,10,3,3,0,0,28,10,4,7,2,0,1284,387,N,14,13,8,9,53%,1943.95910645,1679,264.95910645000004,4,0,0,0,0,N,N,29,1,1
2018 - 2019,English Premier League,2019-03-10,Liverpool,Burnley FC,True,4,1,4-3-3,23,5,0,0,0,30,4,2,7,2,0,1696,563,V,6,16,5,16,63%,1945.45141602,1644,301.4514160199999,7,4,2,2,1,V,V,30,3,0
2018 - 2019,English Premier League,2019-03-17,Fulham FC,Liverpool,False,2,1,4-3-3,16,6,1,1,1,42,7,1,10,1,0,1647,532,V,8,16,4,8,61%,1976.72216797,1564,412.72216797000016,4,2,1,1,0,V,V,31,3,1
2018 - 2019,English Premier League,2019-03-31,Liverpool,Tottenham Hotspur,True,2,1,4-3-3,14,3,1,0,0,28,5,2,10,0,0,1232,386,V,5,24,1,6,48%,1978.22216797,1899,79.2221679700001,14,2,1,1,0,V,V,32,3,0
2018 - 2019,English Premier League,2019-04-05,FC Southampton,Liverpool,False,3,3,4-3-3,17,5,0,0,0,35,7,3,5,4,0,1532,509,V,3,11,4,14,63%,1982.79174805,1678,304.79174805,5,3,1,1,1,V,N,33,3,1
2018 - 2019,English Premier League,2019-04-14,Liverpool,Chelsea,True,2,2,4-3-3,15,7,3,0,0,33,5,2,9,0,0,1849,589,V,11,15,3,15,61%,1995.51538086,1866,129.51538086000005,5,2,0,0,0,V,N,34,3,0
2018 - 2019,English Premier League,2019-04-21,Cardiff City,Liverpool,False,2,1,4-3-3,17,6,2,1,1,24,5,2,10,1,0,1776,584,V,6,18,2,9,71%,2006.70556641,1590,416.70556641000013,4,2,0,0,0,V,N,35,3,1
2018 - 2019,English Premier League,2019-04-26,Liverpool,Huddersfield Town,True,5,5,4-3-3,21,7,1,0,0,20,5,2,4,0,0,1997,668,V,10,14,4,11,68%,2008.90795898,1501,507.90795898000016,5,5,3,0,0,V,V,36,3,0
2018 - 2019,English Premier League,2019-05-04,Newcastle United FC,Liverpool,False,3,3,4-3-3,11,4,4,0,0,22,4,2,3,1,0,1713,601,V,4,17,8,7,64%,1993.42053223,1690,303.42053222999994,3,3,2,2,1,V,V,37,3,1
2018 - 2019,English Premier League,2019-05-12,Liverpool,Wolverhampton Wanderers FC,True,2,1,4-3-3,13,5,2,0,0,20,3,3,4,0,0,1699,540,V,3,15,4,9,59%,2035.16088867,1721,314.16088867000013,5,2,1,0,0,V,V,38,3,0
2019 - 2020,English Premier League,2019-08-09,Liverpool,Norwich City,True,4,3,4-3-3,15,7,4,0,0,45,9,0,11,0,0,1365,408,V,4,18,6,18,55%,2043.73754883,1631,412.73754882999987,9,4,4,1,0,V,V,1,3,0
2019 - 2020,English Premier League,2019-08-17,FC Southampton,Liverpool,False,2,2,4-3-3,15,6,2,0,0,31,6,1,9,1,0,1361,433,V,5,18,5,10,61%,2045.0657959000002,1663,382.06579589999996,8,2,1,1,0,V,V,2,3,1
2019 - 2020,English Premier League,2019-08-24,Liverpool,Arsenal FC,True,3,2,4-3-3,25,5,2,1,1,36,8,1,6,1,0,1548,498,V,7,18,2,11,51%,2049.84277344,1878,171.8427734400002,7,3,1,1,0,V,V,3,3,0
2019 - 2020,English Premier League,2019-08-31,Burnley FC,Liverpool,False,3,2,4-3-3,15,7,2,0,0,23,15,1,4,0,0,1461,438,V,5,20,6,8,61%,2054.93359375,1697,357.93359375,7,3,2,0,0,V,V,4,3,1
2019 - 2020,English Premier League,2019-09-14,Liverpool,Newcastle United FC,True,3,2,4-3-3,21,9,0,0,0,49,5,2,10,0,0,2163,769,V,3,11,1,10,70%,2058.50927734,1713,345.50927734000015,14,3,2,1,1,V,V,5,3,0
2019 - 2020,English Premier League,2019-09-22,Chelsea,Liverpool,False,2,2,4-3-3,6,3,1,0,0,15,13,1,4,3,0,1071,322,V,7,15,4,12,45%,2034.8470459000002,1855,179.8470459,5,2,2,1,0,V,V,6,3,1
2019 - 2020,English Premier League,2019-09-28,Sheffield United FC,Liverpool,False,1,0,4-3-3,16,4,2,0,0,28,4,1,5,1,0,1774,607,V,7,18,3,10,65%,2039.78540039,1639,400.78540039,3,1,0,0,0,V,N,7,3,1
2019 - 2020,English Premier League,2019-10-05,Liverpool,Leicester City,True,2,1,4-3-3,18,8,0,1,1,23,9,3,4,1,0,1345,414,V,12,17,5,10,51%,2041.78515625,1768,273.78515625,3,2,1,1,0,V,V,8,3,0
2019 - 2020,English Premier League,2019-10-20,Manchester United,Liverpool,False,1,1,4-3-3,10,4,1,0,0,32,14,1,1,1,0,1699,554,N,3,27,4,8,62%,2043.49182129,1810,233.49182129,15,1,0,1,1,N,D,9,1,1
2019 - 2020,English Premier League,2019-10-27,Liverpool,Tottenham Hotspur,True,2,0,4-3-3,21,13,3,1,1,48,9,0,8,3,0,1670,538,V,4,16,6,14,63%,2050.35034179999,1843,207.35034179999002,4,2,0,1,1,V,D,10,3,0
2019 - 2020,English Premier League,2019-11-02,Aston Villa,Liverpool,False,2,2,4-3-3,25,6,1,0,0,47,9,2,10,2,0,1755,575,V,4,20,2,14,65%,2052.68359375,1644,408.68359375,6,2,0,1,1,V,D,11,3,1
2019 - 2020,English Premier League,2019-11-10,Liverpool,Manchester City,True,3,2,4-3-3,12,5,2,0,0,19,10,3,4,0,0,1217,346,V,5,24,1,9,47%,2053.68701172,2026,27.6870117200001,5,3,2,1,0,V,V,12,3,0
2019 - 2020,English Premier League,2019-11-23,Crystal Palace FC,Liverpool,False,2,1,4-3-3,12,4,5,0,0,30,7,0,8,1,0,1383,434,V,1,22,9,16,54%,2061.64257812,1741,320.64257812000005,13,2,0,1,0,V,N,13,3,1
2019 - 2020,English Premier League,2019-11-30,Liverpool,Brighton & Hove Albion,True,2,2,4-3-3,15,7,4,0,0,18,3,1,4,0,1,1170,383,V,10,22,4,9,46%,2043.8458252,1633,410.8458252,3,2,2,1,0,V,V,14,3,0
2019 - 2020,English Premier League,2019-12-04,Liverpool,Everton FC,True,5,5,4-3-3,11,5,2,0,0,16,13,3,5,1,0,1301,419,V,1,12,5,13,57%,2044.61401367,1702,342.61401367000013,4,5,4,2,2,V,V,15,3,0
2019 - 2020,English Premier League,2019-12-07,AFC Bournemouth,Liverpool,False,3,3,4-3-3,21,9,0,0,0,34,6,1,3,1,0,2150,769,V,4,8,3,9,70%,2046.59387207,1679,367.59387207000015,3,3,2,0,0,V,V,16,3,1
2019 - 2020,English Premier League,2019-12-14,Liverpool,Watford,True,2,2,4-2-3-1,16,6,2,0,0,23,8,5,6,2,0,1665,540,V,2,7,6,8,62%,2059.01733398,1630,429.0173339799999,4,2,1,0,0,V,V,17,3,0
2019 - 2020,English Premier League,2019-12-26,Leicester City,Liverpool,False,4,3,4-3-3,15,6,0,1,1,34,7,3,8,1,0,1621,523,V,2,16,3,11,58%,2059.98071289,1827,232.98071289000015,5,4,1,0,0,V,V,18,3,1
2019 - 2020,English Premier League,2019-12-29,Liverpool,Wolverhampton Wanderers FC,True,1,1,4-3-3,10,3,2,0,0,20,7,2,5,1,0,1686,546,V,4,19,2,11,59%,2067.63696289,1772,295.6369628900002,3,1,1,0,0,V,V,19,3,0
2019 - 2020,English Premier League,2020-01-02,Liverpool,Sheffield United FC,True,2,1,4-3-3,19,7,2,0,0,33,5,1,8,0,0,2437,891,V,6,6,4,8,71%,2069.15380859,1685,384.15380859000015,4,2,1,0,0,V,V,20,3,0
2019 - 2020,English Premier League,2020-01-11,Tottenham Hotspur,Liverpool,False,1,1,4-3-3,13,7,4,0,0,27,8,2,3,2,0,1977,685,V,8,17,11,17,62%,2070.47412109,1820,250.47412109000012,6,1,1,0,0,V,V,21,3,1
2019 - 2020,English Premier League,2020-01-19,Liverpool,Manchester United,True,2,2,4-3-3,16,5,4,0,0,29,7,2,11,1,0,1405,410,V,4,14,7,11,54%,2073.97216797,1819,254.97216797000007,8,2,1,0,0,V,V,22,3,0
2019 - 2020,English Premier League,2020-01-23,Wolverhampton Wanderers FC,Liverpool,False,2,2,4-3-3,13,6,2,0,0,12,11,0,4,1,0,1560,513,V,1,13,2,15,51%,2076.77856445,1765,311.77856445,4,2,1,1,0,V,V,23,3,1
2019 - 2020,English Premier League,2020-01-29,West Ham United,Liverpool,False,2,1,4-3-3,13,5,4,1,1,21,6,0,7,0,0,1947,728,V,2,14,5,6,64%,2079.34912109,1685,394.34912109000015,3,2,1,0,0,V,V,24,3,1
2019 - 2020,English Premier League,2020-02-01,Liverpool,FC Southampton,True,4,4,4-3-3,16,9,4,0,0,15,9,2,6,0,0,1388,415,V,4,21,4,8,57%,2081.60449219,1701,380.60449219000014,3,4,0,0,0,V,N,25,3,0
2019 - 2020,English Premier League,2020-02-15,Norwich City,Liverpool,False,1,1,4-3-3,17,6,1,0,0,35,11,0,7,2,0,1700,560,V,4,14,3,10,60%,2083.49731445,1603,480.49731445,11,1,0,0,0,V,N,26,3,1
2019 - 2020,English Premier League,2020-02-24,Liverpool,West Ham United,True,3,3,4-3-3,25,7,2,0,0,41,4,2,16,0,0,1825,552,V,2,15,3,11,65%,2077.74145508,1678,399.74145507999987,6,3,1,2,1,V,N,27,3,0
2019 - 2020,English Premier League,2020-02-29,Watford,Liverpool,False,0,0,4-3-3,7,1,2,0,0,32,8,1,5,0,0,1848,596,D,4,18,4,4,64%,2075.89550781,1662,413.89550780999986,5,0,0,3,0,D,N,28,0,1
2019 - 2020,English Premier League,2020-03-07,Liverpool,AFC Bournemouth,True,2,2,4-3-3,14,6,2,0,0,36,10,1,9,0,0,1878,637,V,4,12,1,7,69%,2048.10473633,1641,407.10473632999987,4,2,2,1,1,V,V,29,3,0
2019 - 2020,English Premier League,2020-06-21,Everton FC,Liverpool,False,0,0,4-3-3,10,3,3,0,0,8,12,1,6,2,0,733,639,N,2,9,3,20,70,2020.29455566,1733,287.29455566,102,0,0,0,0,N,N,30,1,1
2019 - 2020,English Premier League,2020-06-24,Liverpool,Crystal Palace,True,4,3,4-3-3,21,7,0,0,0,18,9,0,6,0,0,1025,929,V,4,8,0,15,73,2014.28186035,1732,282.28186035,3,4,2,0,0,V,V,31,3,0
2019 - 2020,English Premier League,2020-07-02,Manchester City,Liverpool,False,0,0,4-3-3,11,3,2,0,0,21,7,2,3,2,0,1392,469,D,6,13,6,11,49%,2017.88659668,1970,47.886596679999904,8,0,0,4,3,D,D,32,0,1
2019 - 2020,English Premier League,2020-07-05,Liverpool,Aston Villa,True,2,2,4-3-3,6,4,3,0,0,32,18,1,7,1,0,1789,585,V,3,8,5,9,65%,2001.73840332,1595,406.73840332000015,3,2,0,0,0,V,N,33,3,0
2019 - 2020,English Premier League,2020-07-08,Brighton & Hove Albion,Liverpool,False,3,3,4-3-3,19,8,1,0,0,32,15,0,10,4,0,1371,431,V,3,17,3,8,53%,2002.9407959000002,1652,350.94079589999996,3,3,2,1,1,V,V,34,3,1
2019 - 2020,English Premier League,2020-07-11,Liverpool,Burnley FC,True,1,1,4-3-3,23,9,1,0,0,36,7,2,11,1,0,1968,600,N,6,12,5,5,66%,2005.79724121,1725,280.79724121000004,3,1,1,1,0,N,V,35,1,0
2019 - 2020,English Premier League,2020-07-15,Arsenal FC,Liverpool,False,1,1,4-3-3,24,8,0,0,0,36,10,4,13,1,0,1706,558,D,6,15,5,7,64%,1998.45800781,1800,198.45800781000003,4,1,1,2,2,D,D,36,0,1
2019 - 2020,English Premier League,2020-07-22,Liverpool,Chelsea,True,5,3,4-3-3,10,7,2,0,0,14,8,0,6,1,0,1356,484,V,2,10,2,7,49%,1986.60888672,1820,166.6088867200001,7,5,3,3,1,V,V,37,3,0
2019 - 2020,English Premier League,2020-07-26,Newcastle United FC,Liverpool,False,3,3,4-3-3,14,6,1,0,0,18,5,1,4,0,0,2059,732,V,2,9,2,4,68%,1991.13781738,1686,305.1378173799999,4,3,1,1,1,V,N,38,3,1
